dataset,clusters,proj_dim,iterations,ACC,NMI,ARI
coil-20,20,19,2,0.6277777777777778,0.7784721993703855,0.5723754517757618
jaffe,10,9,2,0.8403755868544601,0.8942604217121675,0.7821276221515089
mnist-s,10,9,20,0.33319039451114923,0.28707522165574023,0.14728924020250125
mnist-t,10,9,20,0.4294,0.3978768276072098,0.27821408562302247
mpeg7,70,69,20,0.6196213425129088,0.8168165670361855,0.5970232872382741
pointing04,13,12,4,0.3899641577060932,0.4058802662010891,0.22178589678741284
umist,20,19,2,0.5459032576505429,0.7354970318645375,0.4720001244014025
usps,10,9,20,0.5662508066250806,0.5723864249709506,0.4365581506722991
yaleb,38,37,11,0.11460032626427406,0.1544628342957529,0.023944177541776145
